AgencyID,mode_cd,service_cd,kwh_propulsion,kwh_charge_batteries,gl_diesel_num,gl_gas_num,gl_lpg_num,gl_lng_num,gl_meth_num,gl_eth_num,gl_cng_num,gl_bunker_num,gl_kero_num,gl_grain_num,other_fuel_num,gl_biodiesel_num,Total
0001,MB,DO,0,0,"10,463,301",0,0,0,0,0,0,0,0,0,0,"728,727",11192028
0001,TB,DO,"15,791,529",0,0,0,0,0,0,0,0,0,0,0,0,0,15791529
0001,VP,DO,0,0,0,"711,122",0,0,0,0,0,0,0,0,0,0,711122
0002,DR,DO,0,0,"128,323","39,721",0,0,0,0,0,0,0,0,0,0,168044
0002,MB,DO,0,0,"1,168,176",0,0,0,0,0,0,0,0,0,0,0,1168176
0002,VP,DO,0,0,0,"56,397",0,0,0,0,0,0,0,0,0,0,56397
0003,DR,DO,0,0,0,"124,618",0,0,0,0,0,0,0,0,0,0,124618
0003,MB,DO,0,0,"189,130","36,138",0,0,0,0,"2,709,677",0,0,0,0,0,2934945
0003,VP,DO,0,0,0,"301,608",0,0,0,0,0,0,0,0,0,0,301608
0005,DR,DO,0,0,0,"79,171",0,0,0,0,0,0,0,0,0,0,79171
0005,MB,DO,0,0,"313,149",0,0,0,0,0,0,0,0,0,0,0,313149
0006,MB,DO,0,0,"166,070",0,0,0,0,0,0,0,0,0,0,0,166070
0006,VP,DO,0,0,"9,240","7,814",0,0,0,0,0,0,0,0,0,0,17054
0007,MB,DO,0,0,"904,693",0,0,0,0,0,0,0,0,0,0,0,904693
0008,LR,DO,"43,180,229",0,0,0,0,0,0,0,0,0,0,0,0,0,43180229
0008,MB,DO,0,0,"5,753,526",0,0,0,0,0,0,0,0,0,0,0,5753526
0011,DR,DO,0,0,"28,122",0,0,0,0,0,0,0,0,0,0,0,28122
0011,MB,DO,0,0,0,0,0,0,0,0,"268,202",0,0,0,0,0,268202
0012,MB,DO,0,0,"578,302",0,0,0,0,0,0,0,0,0,0,0,578302
0016,MB,DO,0,0,"50,171",0,0,0,0,0,0,0,0,0,0,0,50171
0018,DR,DO,0,0,"189,295","159,794",0,0,0,0,0,0,0,0,0,0,349089
0018,MB,DO,0,0,"592,388",0,0,0,0,0,0,0,0,0,0,0,592388
0018,VP,DO,0,0,"53,405","126,263",0,0,0,0,0,0,0,0,0,0,179668
0019,DR,DO,0,0,0,"4,100",0,0,0,0,0,0,0,0,0,"83,000",87100
0019,MB,DO,0,0,0,0,0,0,0,0,0,0,0,0,0,"514,000",514000
0019,VP,DO,0,0,0,"141,000",0,0,0,0,0,0,0,0,0,0,141000
0020,DR,DO,0,0,"243,428",364,0,0,0,0,0,0,0,0,0,0,243792
0020,MB,DO,0,0,"578,550",0,0,0,0,0,0,0,0,0,0,0,578550
0020,VP,DO,0,0,"78,256","11,633",0,0,0,0,0,0,0,0,0,0,89889
0021,DR,DO,0,0,0,"115,035",0,0,0,0,0,0,0,0,0,0,115035
0021,MB,DO,0,0,"323,031","24,799",0,0,0,0,0,0,0,0,0,0,347830
0022,DR,DO,0,0,0,"30,942",0,0,0,0,0,0,0,0,0,0,30942
0022,MB,DO,0,0,"54,218","3,325",0,0,0,0,0,0,0,0,0,0,57543
0024,DR,DO,0,0,"163,031",0,0,0,0,0,0,0,0,0,0,0,163031
0024,MB,DO,0,0,"783,895",0,0,0,0,0,0,0,0,0,0,0,783895
0025,MB,DO,0,0,"324,685",0,0,0,0,0,"441,203",0,0,0,0,0,765888
0029,MB,DO,0,0,"1,757,839",0,0,0,0,0,0,0,0,0,0,0,1757839
0029,VP,DO,0,0,0,"247,303",0,0,0,0,0,0,0,0,0,0,247303
0033,DR,DO,0,0,"68,358","182,263",0,0,0,0,0,0,0,0,0,0,250621
0034,MB,DO,0,0,"45,136",0,0,0,0,0,"136,329",0,0,0,0,0,181465
0035,FB,DO,0,0,"17,324,333",0,0,0,0,0,0,0,0,0,0,0,17324333
0040,LR,DO,"417,975",0,0,0,0,0,0,0,0,0,0,0,0,0,417975
0041,AR,DO,0,0,"109,493",0,0,0,0,0,0,0,0,0,0,0,109493
0042,DR,DO,0,0,"13,611",45,0,0,0,0,0,0,0,0,0,0,13656
0042,MB,DO,0,0,"2,428","18,366",0,0,0,0,0,0,0,0,0,0,20794
0043,DR,DO,0,0,"10,479","15,529",0,0,0,0,0,0,0,0,0,0,26008
0043,MB,DO,0,0,"214,471",0,0,0,0,0,0,0,0,0,0,0,214471
0044,DR,DO,0,0,"31,168",0,0,0,0,0,0,0,0,0,0,0,31168
0044,MB,DO,0,0,"81,714",0,0,0,0,0,0,0,0,0,0,0,81714
0044,VP,DO,0,0,0,"31,606",0,0,0,0,0,0,0,0,0,0,31606
0045,DR,DO,0,0,"11,812","8,116",0,0,0,0,0,0,0,0,0,0,19928
0045,MB,DO,0,0,"65,176",0,0,0,0,0,0,0,0,0,0,"2,004",67180
0046,DR,DO,0,0,"10,106","2,452",0,0,0,0,0,0,0,0,0,0,12558
0046,MB,DO,0,0,"57,268",768,0,0,0,0,0,0,0,0,0,0,58036
0049,VP,DO,0,0,0,"61,164",0,0,0,0,0,0,0,0,0,0,61164
1001,DR,DO,0,0,"374,664",0,0,0,0,0,0,0,0,0,0,0,374664
1001,MB,DO,0,0,"2,123,094",0,0,0,0,0,"183,682",0,0,0,0,0,2306776
1002,DR,DO,0,0,"12,677",0,0,0,0,0,0,0,0,0,0,0,12677
1002,MB,DO,0,0,"98,888",0,0,0,0,0,0,0,0,0,0,0,98888
1003,CR,DO,0,0,"12,013,707",0,0,0,0,0,0,0,0,0,0,0,12013707
1003,HR,DO,"193,717,399",0,0,0,0,0,0,0,0,0,0,0,0,0,193717399
1003,LR,DO,"51,590,598",0,0,0,0,0,0,0,0,0,0,0,0,0,51590598
1003,MB,DO,0,0,"4,816,334",0,0,0,0,0,"4,252,713",0,0,0,0,0,9069047
1003,TB,DO,"6,404,666",0,0,0,0,0,0,0,0,0,0,0,0,0,6404666
1005,MB,DO,0,0,"227,918",0,0,0,0,0,"39,069",0,0,0,0,0,266987
1014,DR,DO,0,0,"3,009","20,638",0,0,0,0,0,0,0,0,0,0,23647
1014,MB,DO,0,0,"429,328",0,0,0,0,0,0,0,0,0,0,0,429328
1016,MB,DO,0,11,"151,444",0,0,0,0,0,"86,224",0,0,0,0,0,237679
1040,MB,DO,0,0,"245,829",0,0,0,0,0,0,0,0,0,0,0,245829
1047,MB,DO,0,0,"142,575",0,0,0,0,0,0,0,0,0,0,0,142575
1048,MB,DO,0,0,"1,847,472",0,0,0,0,0,0,0,0,0,0,0,1847472
1049,DR,DO,0,0,0,"201,608",0,0,0,0,0,0,0,0,0,0,201608
1049,MB,DO,0,"90,590",0,"24,497",0,0,0,0,0,0,0,0,0,0,115087
1050,MB,DO,0,0,"637,288",0,0,0,0,0,0,0,0,0,0,0,637288
1051,DR,DO,0,0,"46,553",0,0,0,0,0,0,0,0,0,0,0,46553
1051,MB,DO,0,0,"194,005","3,337",0,0,0,0,0,0,0,0,0,0,197342
1052,MB,DO,0,0,"18,800",0,0,0,0,0,0,0,0,0,0,0,18800
1055,MB,DO,0,0,"1,026,669",0,0,0,0,0,0,0,0,0,0,0,1026669
1056,MB,DO,0,0,"413,018",0,0,0,0,0,0,0,0,0,0,0,413018
1057,DR,DO,0,0,"37,995","1,130",0,0,0,0,0,0,0,0,0,0,39125
1057,MB,DO,0,0,"267,507",0,0,0,0,0,0,0,0,0,0,0,267507
1066,MB,DO,0,0,"315,947",0,0,0,0,0,0,0,0,0,0,0,315947
1066,VP,DO,0,0,0,"2,159",0,0,0,0,0,0,0,0,0,0,2159
1069,DR,DO,0,0,"65,765","25,578",927,0,0,0,0,0,0,0,0,0,92270
1086,DR,DO,0,0,350,"1,670",0,0,0,0,0,0,0,0,0,0,2020
1086,MB,DO,0,0,"46,643","11,721","4,157",0,0,0,0,0,0,0,0,"13,251",75772
1088,FB,DO,0,0,"236,597",0,0,0,0,0,0,0,0,0,0,0,236597
1095,DR,DO,0,0,0,0,0,0,0,0,0,0,"84,473",0,0,0,84473
1095,MB,DO,0,0,0,0,0,0,0,0,0,0,"292,502",0,0,0,292502
1096,MB,DO,0,0,0,0,0,0,0,0,0,0,0,0,0,"110,635",110635
1098,DR,DO,0,0,"53,670","11,946",0,0,0,0,0,0,0,0,0,0,65616
1098,MB,DO,0,0,"33,014","6,448",0,0,0,0,0,0,0,0,0,0,39462
1107,DR,DO,0,0,0,"57,656",0,0,0,0,0,0,0,0,0,0,57656
1107,MB,DO,0,0,"65,449",0,0,0,0,0,0,0,0,0,0,0,65449
1108,VP,DO,0,0,0,"391,609",0,0,0,0,0,0,0,0,0,0,391609
1116,MB,DO,0,0,"122,579",0,0,0,0,0,0,0,0,0,0,0,122579
2002,DR,DO,0,0,"258,451","3,841",0,0,0,0,0,0,0,0,0,0,262292
2002,MB,DO,0,0,"1,877,511",0,0,0,0,0,0,0,0,0,0,0,1877511
2003,DR,DO,0,0,"30,531",0,0,0,0,0,0,0,0,0,0,0,30531
2003,MB,DO,0,0,"390,585",0,0,0,0,0,0,0,0,0,0,0,390585
2004,DR,DO,0,0,"135,121",0,0,0,0,0,0,0,0,0,0,0,135121
2004,LR,DO,"7,744,606",0,0,0,0,0,0,0,0,0,0,0,0,0,7744606
2004,MB,DO,0,0,"2,525,829",0,0,0,0,0,0,0,0,0,0,0,2525829
2006,DR,DO,0,0,"5,000",0,0,0,0,0,0,0,0,0,0,0,5000
2006,MB,DO,0,0,"61,672",0,0,0,0,0,0,0,0,0,0,0,61672
2007,DR,DO,0,0,"489,903",0,0,0,0,0,0,0,0,0,0,0,489903
2007,MB,DO,0,0,"46,480",0,0,0,0,0,"5,374,015",0,0,0,0,0,5420495
2008,HR,DO,"1,732,771,840",0,0,0,0,0,0,0,0,0,0,0,0,0,1732771840
2008,MB,DO,0,"10,299","40,543,779",0,0,0,0,0,"6,520,075",0,0,0,0,0,47074153
2009,MB,DO,0,0,"54,709",0,0,0,0,0,0,0,0,0,0,0,54709
2010,DR,DO,0,0,"58,426",0,0,0,0,0,0,0,"4,927",0,0,0,63353
2010,MB,DO,0,0,"151,738",0,0,0,0,0,0,0,"12,797",0,0,0,164535
2018,DR,DO,0,0,"69,122",0,0,0,0,0,0,0,0,0,0,0,69122
2018,MB,DO,0,0,"241,513",0,0,0,0,0,"1,164,544",0,0,0,0,0,1406057
2071,DR,DO,0,0,"12,900","4,566",0,0,0,0,0,0,0,0,0,0,17466
2071,MB,DO,0,0,"79,819",0,0,0,0,0,0,0,0,0,0,0,79819
2075,HR,DO,"39,626,424",0,0,0,0,0,0,0,0,0,0,0,0,0,39626424
2078,CR,DO,"455,820,866",0,"6,667,413",0,0,0,0,0,0,0,0,0,0,0,462488279
2080,CR,DO,"148,855,624",0,"13,382,303",0,0,0,0,0,0,0,0,0,0,0,162237927
2080,LR,DO,"5,927,439",0,0,0,0,0,0,0,0,0,0,0,0,0,5927439
2080,MB,DO,0,0,"21,616,896",0,0,0,0,0,"854,144",0,0,0,0,0,22471040
2082,FB,DO,0,0,"3,364,268",0,0,0,0,0,0,0,0,0,0,0,3364268
2085,MB,DO,0,0,"40,386",0,0,0,0,0,0,0,0,0,0,0,40386
2086,DR,DO,0,0,"77,255",0,0,0,0,0,0,0,0,0,0,0,77255
2089,MB,DO,0,0,"12,067",0,0,0,0,0,0,0,0,0,0,0,12067
2098,HR,DO,"95,081,395",0,0,0,0,0,0,0,0,0,0,0,0,0,95081395
2099,HR,DO,"18,100,256",0,0,0,0,0,0,0,0,0,0,0,0,0,18100256
2100,CR,DO,"473,540,297",0,"7,404,136",0,0,0,0,0,0,0,0,0,0,0,480944433
2113,DR,DO,0,0,"233,413",0,0,0,0,0,0,0,0,0,0,0,233413
2113,MB,DO,0,0,"1,722,296",0,0,0,0,0,0,0,0,0,0,0,1722296
2116,MB,DO,0,0,"136,066",0,0,0,0,0,0,0,0,0,0,0,136066
2120,DR,DO,0,0,"2,776",0,0,0,0,0,0,0,0,0,0,0,2776
2120,MB,DO,0,0,"42,085","11,298",0,0,0,0,0,0,0,0,0,0,53383
2122,MB,DO,0,0,"1,964,862",0,0,0,0,0,0,0,0,0,0,0,1964862
2126,MB,DO,0,0,"2,190,851",0,0,0,0,0,0,0,0,0,0,0,2190851
2128,MB,DO,0,0,"1,203,715",0,0,0,0,0,0,0,0,0,0,0,1203715
2132,MB,DO,0,0,"394,253",0,0,0,0,0,0,0,0,0,0,0,394253
2135,MB,DO,0,0,"308,425",0,0,0,0,0,0,0,0,0,0,0,308425
2137,MB,DO,0,0,"167,697",0,0,0,0,0,0,0,0,0,0,0,167697
2145,MB,DO,0,0,"380,380","1,379",0,0,0,0,0,0,0,0,0,0,381759
2148,DR,DO,0,0,"6,673",0,0,0,0,0,0,0,0,0,0,0,6673
2148,MB,DO,0,0,"40,993",0,0,0,0,0,0,0,0,0,0,0,40993
2149,MB,DO,0,0,"1,290,528",0,0,0,0,0,0,0,0,0,0,0,1290528
2155,DR,DO,0,0,"91,454","2,644",0,0,0,0,0,0,0,0,0,0,94098
2159,DR,DO,0,0,"1,061,078",0,0,0,0,0,0,0,0,0,0,0,1061078
2160,MB,DO,0,0,"271,354",0,0,0,0,0,0,0,0,0,0,0,271354
2161,MB,DO,0,0,"671,012",0,0,0,0,0,0,0,0,0,0,0,671012
2163,MB,DO,0,0,"670,909",0,0,0,0,0,0,0,0,0,0,0,670909
2165,MB,DO,0,0,"240,680",0,0,0,0,0,0,0,0,0,0,0,240680
2166,MB,DO,0,0,"815,537",0,0,0,0,0,0,0,0,0,0,0,815537
2168,MB,DO,0,0,"715,627",0,0,0,0,0,0,0,0,0,0,0,715627
2169,MB,DO,0,0,"703,582",0,0,0,0,0,0,0,0,0,0,0,703582
2172,MB,DO,0,0,"118,924",0,0,0,0,0,0,0,0,0,0,0,118924
2173,DR,DO,0,0,"978,917",0,0,0,0,0,0,0,0,0,0,0,978917
2177,MB,DO,0,0,"414,006",0,0,0,0,0,0,0,0,0,0,0,414006
2178,MB,DO,0,0,"95,727","3,794",0,0,0,0,0,0,0,0,0,0,99521
2179,MB,DO,0,0,"81,977",0,0,0,0,0,0,0,0,0,0,0,81977
2180,MB,DO,0,0,"295,437",0,0,0,0,0,0,0,0,0,0,0,295437
2182,DR,DO,0,0,"1,365",0,0,0,0,0,0,0,0,0,0,0,1365
2183,DR,DO,0,0,"10,786",0,0,0,0,0,0,0,0,0,0,0,10786
2185,DR,DO,0,0,"34,701","2,426",0,0,0,0,0,0,0,0,0,0,37127
2185,MB,DO,0,0,"196,641",0,0,0,0,0,0,0,0,0,0,0,196641
2187,MB,DO,0,0,"21,609",0,0,0,0,0,0,0,0,0,0,0,21609
2188,MB,DO,0,0,"19,788,904",0,0,0,0,0,"12,812,255",0,0,0,0,0,32601159
3001,DR,DO,0,0,0,"43,578",0,0,0,0,0,0,0,0,0,0,43578
3001,MB,DO,0,0,"498,588",0,0,0,0,0,0,0,0,0,0,0,498588
3002,DR,DO,0,0,897,"41,596",0,0,0,0,0,0,0,0,0,0,42493
3002,MB,DO,0,0,"171,955",0,0,0,0,0,0,0,0,0,0,0,171955
3006,MB,DO,0,0,"1,539,157",0,0,0,0,0,0,0,0,0,0,"12,000",1551157
3007,MB,DO,0,0,"392,998",0,0,0,0,0,0,0,0,0,0,0,392998
3008,DR,DO,0,0,"12,582",0,0,0,0,0,0,0,0,0,0,0,12582
3008,MB,DO,0,0,"223,202",0,0,0,0,0,0,0,0,0,0,0,223202
3009,DR,DO,0,0,"1,856","5,002",0,0,0,0,0,0,0,0,0,0,6858
3009,MB,DO,0,0,"109,378",0,0,0,0,0,0,0,0,0,0,0,109378
3010,MB,DO,0,0,"727,127",0,0,0,0,0,0,0,0,0,0,0,727127
3011,DR,DO,0,0,"1,201",0,0,0,0,0,0,0,0,0,0,0,1201
3011,MB,DO,0,0,"143,629",0,0,0,0,0,0,0,0,0,0,0,143629
3012,DR,DO,0,0,"3,301",0,0,0,0,0,0,0,0,0,0,0,3301
3012,IP,DO,"132,200",0,0,0,0,0,0,0,0,0,0,0,0,0,132200
3012,MB,DO,0,0,"219,293",0,0,0,0,0,0,0,0,0,0,0,219293
3013,DR,DO,0,0,"144,986","9,714",0,0,0,0,0,0,0,0,0,0,154700
3013,MB,DO,0,0,"281,563",0,0,0,0,0,"73,993",0,0,0,0,0,355556
3014,DR,DO,0,0,"66,096","82,452",0,0,0,0,0,0,0,0,0,0,148548
3014,MB,DO,0,0,"413,396",0,0,0,0,0,0,0,0,0,0,0,413396
3015,MB,DO,0,0,"225,337",0,0,0,0,0,0,0,0,0,0,0,225337
3018,MB,DO,0,0,"371,755",0,0,0,0,0,0,0,0,0,0,0,371755
3019,CR,DO,"197,765,404",0,0,0,0,0,0,0,0,0,0,0,0,0,197765404
3019,HR,DO,"136,501,661",0,0,0,0,0,0,0,0,0,0,0,0,0,136501661
3019,LR,DO,"34,018,799",0,0,0,0,0,0,0,0,0,0,0,0,0,34018799
3019,MB,DO,0,0,"15,775,800",0,0,0,0,0,0,0,0,0,0,0,15775800
3022,IP,DO,"200,440",0,0,0,0,0,0,0,0,0,0,0,0,0,200440
3022,LR,DO,"29,485,190",0,0,0,0,0,0,0,0,0,0,0,0,0,29485190
3022,MB,DO,0,0,"8,901,928",0,0,0,0,0,0,0,0,0,0,0,8901928
3023,DR,DO,0,0,"72,228",0,0,0,0,0,0,0,0,0,0,0,72228
3023,MB,DO,0,0,"227,253",0,0,0,0,0,0,0,0,0,0,0,227253
3024,DR,DO,0,0,"99,633",614,0,0,0,0,0,0,0,0,0,0,100247
3024,MB,DO,0,0,"432,825",0,0,0,0,0,0,0,0,0,0,0,432825
3025,MB,DO,0,0,"255,206",0,0,0,0,0,0,0,0,0,0,0,255206
3026,MB,DO,0,0,"198,389",0,0,0,0,0,0,0,0,0,0,0,198389
3027,DR,DO,0,0,"137,897","3,129",0,0,0,0,0,0,0,0,0,0,141026
3027,MB,DO,0,0,"263,407","6,246",0,0,0,0,0,0,0,0,0,0,269653
3030,HR,DO,"470,583,434",0,0,0,0,0,0,0,0,0,0,0,0,0,470583434
3030,MB,DO,0,0,"12,536,201",0,0,0,0,0,"3,122,253",0,0,0,0,0,15658454
3034,DR,DO,0,0,"138,536","4,353",0,0,0,0,0,0,0,0,0,0,142889
3034,HR,DO,"26,884,500",0,0,0,0,0,0,0,0,0,0,0,0,0,26884500
3034,LR,DO,"26,597,596",0,0,0,0,0,0,0,0,0,0,0,0,0,26597596
3034,MB,DO,0,0,"7,490,158","235,347",0,0,0,0,0,0,0,0,0,0,7725505
3035,DR,DO,0,0,640,"6,394",0,0,0,0,0,0,0,0,0,0,7034
3035,MB,DO,0,0,"130,035",0,0,0,0,0,0,0,0,0,0,0,130035
3036,MB,DO,0,0,"103,538","3,202",0,0,0,0,0,0,"114,913",0,0,0,221653
3040,MB,DO,0,0,"133,016","4,711",0,0,0,0,"11,085",0,0,0,0,0,148812
3041,DR,DO,0,0,0,"42,218",0,0,0,0,0,0,0,0,0,0,42218
3041,MB,DO,0,0,"24,339","12,130",0,0,0,0,0,0,0,0,0,0,36469
3042,DR,DO,0,0,"9,029",0,0,0,0,0,0,0,0,0,0,0,9029
3042,MB,DO,0,0,"85,663",0,0,0,0,0,0,0,0,0,0,0,85663
3050,DR,DO,0,0,"8,812","31,594",0,0,0,0,0,0,0,0,0,0,40406
3050,MB,DO,0,0,"31,601",0,0,0,0,0,0,0,0,0,0,0,31601
3051,MB,DO,0,0,"2,717,506",0,0,0,0,0,"967,772",0,0,0,0,0,3685278
3054,MB,DO,0,0,0,0,0,0,0,0,"456,587",0,0,0,0,0,456587
3055,DR,DO,0,0,"60,606",572,0,0,0,0,0,0,0,0,0,0,61178
3055,MB,DO,0,0,"24,789",0,0,0,0,0,0,0,0,0,0,0,24789
3058,MB,DO,0,0,"98,802",0,0,0,0,0,0,0,0,0,0,0,98802
3069,DR,DO,0,0,"14,605",0,0,0,0,0,0,0,0,0,0,0,14605
3069,MB,DO,0,0,"45,875",0,0,0,0,0,0,0,0,0,0,0,45875
3071,MB,DO,0,0,"425,403",0,0,0,0,0,0,0,0,0,0,0,425403
3072,DR,DO,0,0,"49,935","8,677",0,0,0,0,0,0,0,0,0,0,58612
3072,MB,DO,0,0,"165,556","4,668",0,0,0,0,0,0,0,0,0,0,170224
3074,DR,DO,0,0,"26,896","6,078",0,0,0,0,0,0,0,0,0,0,32974
3074,MB,DO,0,0,"68,893",0,0,0,0,0,0,0,0,0,0,0,68893
3075,DR,DO,0,0,"801,698",0,0,0,0,0,0,0,0,0,0,0,801698
3075,MB,DO,0,0,"1,440,212",0,0,0,0,0,0,0,0,0,0,0,1440212
3076,DR,DO,0,0,"7,644",0,0,0,0,0,0,0,0,0,0,0,7644
3076,MB,DO,0,0,"103,504",0,0,0,0,0,0,0,0,0,0,0,103504
3079,MB,DO,0,0,"87,368",0,0,0,0,0,0,0,0,0,0,0,87368
3083,MB,DO,0,"388,960","2,953,169",0,0,0,0,0,0,0,0,0,0,0,3342129
3083,VP,DO,0,0,0,"49,801",0,0,0,0,0,0,0,0,0,0,49801
3085,DR,DO,0,0,"85,939",0,0,0,0,0,0,0,0,0,0,0,85939
3087,DR,DO,0,0,"9,991","2,009",0,0,0,0,0,0,0,0,0,0,12000
3089,DR,DO,0,0,"3,802","10,267",0,0,0,0,0,0,0,0,0,0,14069
3089,MB,DO,0,0,"98,617","7,561",0,0,0,0,0,0,0,0,0,0,106178
3091,DR,DO,0,0,"5,664","2,597",0,0,0,0,0,0,0,0,0,0,8261
3091,MB,DO,0,0,"183,883",0,0,0,0,0,0,0,0,0,0,0,183883
3094,DR,DO,0,0,0,"2,056",0,0,0,0,0,0,0,0,0,"8,324",10380
3094,MB,DO,0,0,0,0,0,0,0,0,0,0,0,0,0,"116,587",116587
3095,DR,DO,0,0,0,"49,780",0,0,0,0,0,0,0,0,0,0,49780
3095,MB,DO,0,0,"60,145",0,0,0,0,0,0,0,0,0,0,0,60145
3096,DR,DO,0,0,"94,222","3,366",0,0,0,0,0,0,0,0,0,0,97588
3096,MB,DO,0,0,"199,286",0,0,0,0,0,0,0,0,0,0,0,199286
4001,DR,DO,0,0,"52,090",0,0,0,0,0,0,0,0,0,0,0,52090
4001,IP,DO,"145,040",0,0,0,0,0,0,0,0,0,0,0,0,0,145040
4001,MB,DO,0,"272,220","462,579",0,0,0,0,0,0,0,0,0,0,0,734799
4002,DR,DO,0,0,"6,960","84,937","11,668",0,0,0,0,0,0,0,0,"1,740",Propane used by Electric Trolleys as an indirect power supply to charge the batteries.
4002,MB,DO,0,0,"492,891","8,610","117,754",0,0,0,0,0,0,0,"6,166","123,223",Propane used by Electric Trolleys as an indirect power supply to charge the batteries.
4003,DR,DO,0,0,"369,096",0,0,0,0,0,0,0,0,0,0,"40,722",
4003,LR,DO,"1,558,500",0,0,0,0,0,0,0,0,0,0,0,0,0,
4003,MB,DO,0,0,"1,908,826",0,0,0,0,0,0,0,0,0,0,0,
4004,DR,DO,0,0,"207,105",0,0,0,0,0,0,0,0,0,0,0,
4004,MB,DO,0,0,"1,049,659",0,0,0,0,0,0,0,0,0,0,0,
4005,MB,DO,0,0,"203,153",0,0,0,0,0,0,0,0,0,0,0,
4006,DR,DO,0,0,0,"1,932",0,0,0,0,0,0,0,0,0,0,
4006,MB,DO,0,0,"272,328","23,743",0,0,0,0,0,0,0,0,0,0,
4007,DR,DO,0,0,"26,641",912,0,0,0,0,0,0,0,0,0,0,
4007,MB,DO,0,0,"457,746",0,0,0,0,0,0,0,"211,278",0,0,0,
4008,DR,DO,0,0,"319,083",0,0,0,0,0,0,0,0,0,0,0,
4008,LR,DO,"147,000",0,0,0,0,0,0,0,0,0,0,0,0,0,
4008,MB,DO,0,0,"2,966,328",0,0,0,0,0,0,0,0,0,0,0,
4008,VP,DO,0,0,0,"130,727",0,0,0,0,0,0,0,0,0,0,
4009,DR,DO,0,0,0,"59,267",0,0,0,0,0,0,0,0,0,0,
4009,MB,DO,0,0,"193,771","16,236",0,0,0,0,0,0,0,0,0,0,
4011,DR,DO,0,0,0,"8,783",0,0,0,0,0,0,0,0,0,0,
4011,MB,DO,0,0,"84,026","1,653",0,0,0,0,0,0,0,0,0,0,
4012,DR,DO,0,0,"84,320","2,134",0,0,0,0,0,0,0,0,0,0,
4012,MB,DO,0,0,"432,413",0,0,0,0,0,0,0,0,0,0,0,
4014,DR,DO,0,0,"32,422","4,715",0,0,0,0,0,0,0,0,0,0,
4014,MB,DO,0,"16,547","68,124",0,"31,591",0,0,0,0,0,0,0,0,0,
4015,DR,DO,0,0,"50,873",0,0,0,0,0,0,0,0,0,0,0,
4015,MB,DO,0,0,"245,658",0,0,0,0,0,0,0,0,0,0,0,
4017,MB,DO,0,0,"371,397",0,0,0,0,0,0,0,0,0,0,0,
4018,DR,DO,0,0,"26,205",0,0,0,0,0,0,0,0,0,0,0,
4018,MB,DO,0,0,"2,070,221",0,0,0,0,0,0,0,0,0,0,0,
4019,DR,DO,0,0,"102,357",0,0,0,0,0,0,0,0,0,0,0,
4019,MB,DO,0,0,"779,370",0,0,0,0,0,0,0,0,0,0,0,
4021,DR,DO,0,0,"25,235",0,0,0,0,0,0,0,0,0,0,0,
4021,MB,DO,0,0,"123,208",0,0,0,0,0,0,0,0,0,0,0,
4022,DR,DO,0,0,"519,599",0,0,0,0,0,0,0,0,0,0,0,
4022,HR,DO,"93,705,968",0,0,0,0,0,0,0,0,0,0,0,0,0,
4022,MB,DO,0,0,"2,513,498",0,0,0,0,0,"6,202,805",0,0,0,0,0,
4023,DR,DO,0,0,"17,838",0,0,0,0,0,0,0,0,0,0,0,
4023,MB,DO,0,0,"144,654",0,0,0,0,0,0,0,0,0,0,0,
4024,DR,DO,0,0,"20,216","1,697",0,0,0,0,0,0,0,0,0,0,
4024,MB,DO,0,0,"265,403",0,0,0,0,0,0,0,0,0,0,0,
4025,FB,DO,0,0,"35,570",0,0,0,0,0,0,0,0,0,0,0,
4025,MB,DO,0,0,"623,712",0,0,0,0,0,0,0,0,0,0,0,
4026,DR,DO,0,0,"25,766",0,0,0,0,0,0,0,0,0,0,0,
4026,MB,DO,0,0,"295,572",0,0,0,0,0,0,0,0,0,0,0,
4027,MB,DO,0,0,"2,272,522",0,0,0,0,0,"54,269",0,0,0,0,0,
4028,DR,DO,0,0,"153,981",0,0,0,0,0,0,0,0,0,0,0,
4028,MB,DO,0,0,"710,646",0,0,0,0,0,0,0,0,0,0,0,
4029,MB,DO,0,0,"4,225,305",0,0,0,0,0,0,0,0,0,0,0,
4030,MB,DO,0,"6,040","853,003",0,0,0,0,0,0,0,0,0,0,0,
4031,DR,DO,0,0,"75,142",0,0,0,0,0,0,0,0,0,0,0,
4031,MB,DO,0,0,"435,125",0,0,0,0,0,0,0,0,0,0,0,
4032,DR,DO,0,0,"184,331",0,0,0,0,0,0,0,0,0,0,0,
4032,MB,DO,0,0,"665,974",0,0,0,0,0,0,0,0,0,0,0,
4032,VP,DO,0,0,0,"40,765",0,0,0,0,0,0,0,0,0,0,
4034,AG,DO,"6,076,987",0,0,0,0,0,0,0,0,0,0,0,0,0,
4034,HR,DO,"85,892,569",0,0,0,0,0,0,0,0,0,0,0,0,0,
4034,MB,DO,0,0,"12,901,379",0,0,0,0,0,0,0,0,0,0,0,
4035,MB,DO,0,0,"3,893,823",0,0,0,0,0,"79,848",0,0,0,0,0,
4036,DR,DO,0,0,"48,118","16,259",0,0,0,0,0,0,0,0,0,0,
4036,MB,DO,0,0,"576,033",0,0,0,0,0,0,0,0,0,0,0,
4037,MB,DO,0,0,"1,741,774",0,0,0,0,0,0,0,0,0,0,0,
4038,MB,DO,0,0,"387,461",0,0,0,0,0,0,0,0,0,0,0,
4040,AG,DO,"1,268,593",0,0,0,0,0,0,0,0,0,0,0,0,0,
4040,MB,DO,0,0,"2,707,613",0,0,0,0,0,0,0,0,0,0,0,
4041,DR,DO,0,0,"84,047","1,061",0,0,0,0,0,0,0,0,0,0,
4041,LR,DO,"644,000",0,0,0,0,0,0,0,0,0,0,0,0,0,
4041,MB,DO,0,0,"1,934,955",0,0,0,0,0,"3,090",0,0,0,0,0,
4042,DR,DO,0,0,"167,136",0,0,0,0,0,0,0,0,0,0,0,
4042,MB,DO,0,0,"326,538",0,0,0,0,0,"794,265",0,0,0,0,0,
4043,DR,DO,0,0,"19,830","42,834",0,0,0,0,"46,215",0,0,0,0,0,
4043,MB,DO,0,"44,101","291,935",0,0,0,0,0,0,0,0,0,0,0,
4044,DR,DO,0,0,"65,316",0,0,0,0,0,0,0,0,0,0,0,
4044,MB,DO,0,0,"148,485",0,0,0,0,0,0,0,0,0,0,0,
4045,DR,DO,0,0,394,"18,165",0,0,0,0,0,0,0,0,0,0,
4045,MB,DO,0,0,"44,174",0,0,0,0,0,0,0,0,0,0,0,
4046,DR,DO,0,0,"98,959","4,807",0,0,0,0,0,0,0,0,0,0,
4046,MB,DO,0,0,"424,318",0,0,0,0,0,0,0,0,0,0,0,
4047,DR,DO,0,0,"9,435",924,0,0,0,0,0,0,0,0,0,0,
4047,MB,DO,0,0,"210,759",0,0,0,0,0,0,0,0,0,0,0,
4051,DR,DO,0,0,0,"52,187",0,0,0,0,0,0,0,0,0,0,
4051,MB,DO,0,0,"549,446",0,0,0,0,0,0,0,0,0,0,0,
4053,DR,DO,0,0,"6,066","3,724",0,0,0,0,0,0,0,0,0,0,
4053,MB,DO,0,0,"143,366","28,822",0,0,0,0,0,0,0,0,0,0,
4054,DR,DO,0,0,"16,045","6,246",0,0,0,0,0,0,0,0,0,0,
4054,MB,DO,0,0,"51,619",0,0,0,0,0,0,0,0,0,0,0,
4056,DR,DO,0,0,"53,452","534,142",0,0,0,0,0,0,0,0,0,0,
4056,MB,DO,0,0,"22,908",0,0,0,0,0,0,0,0,0,0,0,
4057,DR,DO,0,0,"25,164",0,0,0,0,0,0,0,0,0,0,0,
4057,MB,DO,0,0,"113,204",0,0,0,0,0,0,0,0,0,0,0,
4058,DR,DO,0,0,"14,145",0,0,0,0,0,0,0,0,0,0,0,
4058,MB,DO,0,0,"97,537",0,0,0,0,0,0,0,0,0,0,0,
4063,DR,DO,0,0,"132,388","6,845",0,0,0,0,0,0,0,0,0,0,
4063,MB,DO,0,0,"167,132",0,0,0,0,0,0,0,0,0,0,0,
4068,DR,DO,0,0,"7,782","76,121",0,0,0,0,0,0,0,0,0,0,
4070,FB,DO,0,0,"1,458,109",0,0,0,0,0,0,0,0,0,0,0,
4071,DR,DO,0,0,0,"62,065",0,0,0,0,0,0,0,0,0,0,
4071,MB,DO,0,0,"106,200",881,0,0,0,0,0,0,0,0,0,0,
4073,DR,DO,0,0,"12,431","29,208",0,0,0,0,0,0,0,0,0,0,
4073,MB,DO,0,0,"20,821","3,245",0,0,0,0,0,0,0,0,0,0,
4074,DR,DO,0,0,"13,934","6,608",0,0,0,0,0,0,0,0,0,0,
4074,MB,DO,0,0,"148,414",0,0,0,0,0,0,0,0,0,0,0,
4082,VP,DO,0,0,0,"52,804",0,0,0,0,"6,168",0,0,0,0,0,
4085,MB,DO,0,0,"59,458",0,0,0,0,0,0,0,0,0,0,0,
4086,DR,DO,0,0,"103,617",0,0,0,0,0,0,0,0,0,0,0,
4086,MB,DO,0,0,"2,740,317",0,0,0,0,0,0,0,0,0,0,0,
4092,DR,DO,0,0,"35,799",0,0,0,0,0,0,0,0,0,0,0,
4092,MB,DO,0,0,"172,518",0,0,0,0,0,0,0,0,0,0,0,
4097,DR,DO,0,0,"56,722","14,121",0,0,0,0,74,0,0,0,0,0,
4097,MB,DO,0,0,"26,775",0,0,0,0,0,0,0,0,0,0,0,
4100,DR,DO,0,0,0,"37,429",0,0,0,0,0,0,0,0,0,0,
4100,MB,DO,0,0,"110,135","5,272",0,0,0,0,0,0,0,0,0,0,
4100,VP,DO,0,0,"3,119",0,0,0,0,0,0,0,0,0,0,0,
4101,MB,DO,0,0,"77,182",0,0,0,0,0,0,0,0,0,0,0,
4102,DR,DO,0,0,0,"15,383",0,0,0,0,0,0,0,0,0,0,
4102,MB,DO,0,0,"108,681","71,550",0,0,0,0,0,0,0,0,0,0,
4103,DR,DO,0,0,"59,601","9,933",0,0,0,0,0,0,0,0,0,0,
4104,DR,DO,0,0,0,"56,684",0,0,0,0,0,0,0,0,0,0,
4104,MB,DO,0,0,"19,938","13,277",0,0,0,0,0,0,0,0,0,0,
4108,DR,DO,0,0,0,"24,207",0,0,0,0,0,0,0,0,0,0,
4108,MB,DO,0,0,"466,708",0,0,0,0,0,0,0,0,0,0,0,
4108,VP,DO,0,0,0,"80,092",0,0,0,0,0,0,0,0,0,0,
4111,DR,DO,0,0,217,"57,463",0,0,0,0,0,0,0,0,0,0,
4113,DR,DO,0,0,"58,608","9,216",0,0,0,0,0,0,0,0,0,0,
4113,MB,DO,0,0,"3,306",0,0,0,0,0,0,0,0,0,0,0,
4127,DR,DO,0,0,"6,398",0,0,0,0,0,0,0,0,0,0,0,
4127,MB,DO,0,0,"49,239","4,395",0,0,0,0,0,0,0,0,0,0,
4130,MB,DO,0,0,"230,733",0,0,0,0,0,0,0,0,0,0,0,
4135,VP,DO,0,0,"21,981","54,457",0,0,0,0,0,0,0,0,0,0,
4142,MB,DO,0,0,"11,702",0,0,0,0,0,0,0,0,0,0,0,
4148,DR,DO,0,0,0,"59,102",0,0,0,0,0,0,0,0,0,0,
4152,VP,DO,0,0,0,"108,338",0,0,0,0,0,0,0,0,0,0,
4153,VP,DO,0,0,0,"151,636",0,0,0,0,0,0,0,0,0,0,
5001,MB,DO,0,0,"178,694",0,0,0,0,0,0,0,0,0,0,0,
5002,MB,DO,0,0,"273,203",0,0,0,0,0,0,0,0,0,0,0,
5003,LR,DO,"189,240",0,0,0,0,0,0,0,0,0,0,0,0,0,
5003,MB,DO,0,0,"239,680","1,600",0,0,0,0,429,0,0,0,0,0,
5004,MB,DO,0,0,"154,926",0,0,0,0,0,0,0,0,0,0,0,
5005,DR,DO,0,0,"49,300",0,0,0,0,0,0,0,0,0,0,0,
5005,MB,DO,0,0,"1,270,812",0,0,0,0,0,0,0,0,0,0,0,
5006,DR,DO,0,0,"4,500",730,0,0,0,0,0,0,0,0,0,0,
5006,MB,DO,0,0,"271,724",0,0,0,0,0,0,0,0,0,0,0,
5008,MB,DO,0,0,"4,223,096",0,0,0,0,0,0,0,0,0,0,0,
5008,VP,DO,0,0,0,"14,455",0,0,0,0,0,0,0,0,0,0,
5009,MB,DO,0,0,"122,489",0,0,0,0,0,0,0,0,0,0,0,
5010,DR,DO,0,0,"207,458",0,0,0,0,0,0,0,0,0,0,0,
5010,MB,DO,0,0,"696,710",0,0,0,0,0,"330,788",0,0,0,0,0,
5011,DR,DO,0,0,"219,831",0,0,0,0,0,0,0,0,0,0,0,
5011,MB,DO,0,0,"426,731",0,0,0,0,0,0,0,0,0,0,0,
5012,MB,DO,0,0,"1,709,955",0,0,0,0,0,0,0,0,0,0,"1,743,500",
5015,DR,DO,0,0,"283,029",0,0,0,0,0,0,0,0,0,0,0,
5015,HR,DO,"28,047,493",0,0,0,0,0,0,0,0,0,0,0,0,0,
5015,LR,DO,"11,964,612",0,0,0,0,0,0,0,0,0,0,0,0,0,
5015,MB,DO,0,0,"5,266,709",0,0,0,0,0,"1,064,151",0,0,0,0,0,
5016,MB,DO,0,0,"977,233",0,0,0,0,0,0,0,0,0,0,"1,115,082",
5017,DR,DO,0,0,"135,216","153,368",0,0,0,0,0,0,0,0,0,0,
5017,MB,DO,0,0,"1,372,689",0,0,0,0,0,0,0,0,0,0,0,
5017,TB,DO,"6,993,874",0,0,0,0,0,0,0,0,0,0,0,0,0,
5019,DR,DO,0,0,"7,150",0,0,0,0,0,0,0,0,0,0,0,
5019,MB,DO,0,0,"42,524",0,0,0,0,0,0,0,0,0,0,0,
5020,DR,DO,0,0,"5,360",0,0,0,0,0,0,0,0,0,0,0,
5020,MB,DO,0,0,"58,483",0,0,0,0,0,0,0,0,0,0,0,
5021,DR,DO,0,0,"148,088","1,859",0,0,0,0,0,0,0,0,0,0,
5021,MB,DO,0,0,"128,248",0,0,0,0,0,0,0,0,0,0,0,
5022,MB,DO,0,0,"1,061,802",0,0,0,0,0,0,0,0,0,0,0,
5024,DR,DO,0,0,"22,738","4,603",0,0,0,0,0,0,0,0,0,0,
5024,MB,DO,0,0,"308,275",0,0,0,0,0,0,0,0,0,0,0,
5025,MB,DO,0,0,"408,848",0,0,0,0,0,0,0,0,0,0,0,
5027,LR,DO,"12,707,146",0,0,0,0,0,0,0,0,0,0,0,0,0,
5027,MB,DO,0,0,0,0,0,0,0,0,0,0,0,0,0,"7,556,828",
5028,DR,DO,0,0,"76,576",0,0,0,0,0,0,0,0,0,0,270,
5028,MB,DO,0,0,"241,338",0,0,0,0,0,0,0,0,0,0,0,
5029,DR,DO,0,0,"66,376",0,0,0,0,0,0,0,0,0,0,0,
5029,MB,DO,0,0,"128,849",0,0,0,0,0,0,0,0,0,0,0,
5030,DR,DO,0,0,"17,160","5,602",0,0,0,0,0,0,0,0,0,0,
5030,MB,DO,0,0,"99,446",0,0,0,0,0,0,0,0,0,0,0,
5031,DR,DO,0,0,"372,256",0,0,0,0,0,0,0,0,0,0,0,
5031,MB,DO,0,0,"3,146,868",0,0,0,0,0,0,0,0,0,0,0,
5032,DR,DO,0,0,"379,700","32,781",0,0,0,0,0,0,0,0,0,"2,985",
5032,MB,DO,0,0,"659,988",0,0,0,0,0,0,0,0,0,0,"16,200",
5033,MB,DO,0,0,"959,871",0,0,0,0,0,0,0,0,0,0,0,
5033,VP,DO,0,0,0,"1,172",0,0,0,0,0,0,0,0,0,0,
5034,DR,DO,0,0,"62,799","82,695",0,0,0,0,0,0,0,0,0,0,
5034,MB,DO,0,0,"51,852",0,0,0,0,0,0,0,0,0,0,0,
5035,DR,DO,0,0,0,"1,187",0,0,0,0,0,0,0,0,0,0,
5035,MB,DO,0,0,"394,694",0,0,0,0,0,0,0,0,0,0,0,
5035,VP,DO,0,0,0,"2,541",0,0,0,0,0,0,0,0,0,0,
5036,DR,DO,0,0,"112,499",0,0,0,0,0,0,0,0,0,0,0,
5036,MB,DO,0,0,"849,076",0,0,0,0,0,0,0,0,0,0,0,
5037,DR,DO,0,0,0,0,0,0,0,0,"17,294",0,0,0,0,0,
5037,MB,DO,0,0,"102,372",0,0,0,0,0,"1,089",0,0,0,0,0,
5039,DR,DO,0,0,"38,440","1,997",0,0,0,0,0,0,0,0,0,0,
5039,MB,DO,0,0,"122,463","6,363",0,0,0,0,0,0,0,0,0,0,
5040,MB,DO,0,0,"703,979",0,0,0,0,0,0,0,0,0,0,"11,993",
5041,DR,DO,0,0,"18,503","2,417",0,0,0,0,0,0,0,0,0,0,
5041,MB,DO,0,0,"45,773",0,0,0,0,0,0,0,0,0,0,0,
5042,DR,DO,0,0,0,"5,448",0,0,0,0,0,0,0,0,0,0,
5042,MB,DO,0,0,"49,460","1,406",0,0,0,0,0,0,0,0,0,0,
5043,DR,DO,0,0,"47,263",0,0,0,0,0,0,0,0,0,0,0,
5043,MB,DO,0,0,"302,108",0,0,0,0,0,0,0,0,0,0,0,
5044,DR,DO,0,0,0,0,0,0,0,0,0,0,0,0,0,"41,271",
5044,MB,DO,0,0,0,0,0,0,0,0,0,0,0,0,0,"348,046",
5045,DR,DO,0,0,"6,797","9,671",0,0,0,0,0,0,0,0,0,0,
5045,MB,DO,0,0,"227,016",0,0,0,0,0,0,0,0,0,0,0,
5047,DR,DO,0,0,"12,390",0,0,0,0,0,0,0,0,0,0,0,
5047,MB,DO,0,0,"253,628",0,0,0,0,0,0,0,0,0,0,0,
5048,DR,DO,0,0,"33,670","53,719",0,0,0,0,0,0,0,0,0,0,
5050,DR,DO,0,0,"215,807",0,0,0,0,0,0,0,0,0,0,0,
5050,MB,DO,0,360,"1,593,263",0,0,0,0,0,0,0,0,0,0,0,
5051,DR,DO,0,0,"11,664",0,0,0,0,0,0,0,0,0,0,0,
5051,MB,DO,0,0,"402,776","1,520",0,0,0,0,0,0,0,0,0,0,
5052,DR,DO,0,0,0,0,0,0,0,0,0,0,0,0,0,"25,640",
5052,MB,DO,0,0,0,0,0,0,0,0,0,0,0,0,0,"436,863",
5053,DR,DO,0,0,"12,515",260,0,0,0,0,0,0,0,0,0,0,
5053,MB,DO,0,0,"49,917","1,331",0,0,0,0,0,0,0,0,0,0,
5054,DR,DO,0,0,0,0,0,0,0,0,0,0,0,0,0,"46,955",
5054,MB,DO,0,0,0,0,0,0,0,0,0,0,0,0,0,"252,702",
5056,MB,DO,0,0,"265,143","44,898",0,0,0,0,0,0,0,0,0,"270,139",
5057,DR,DO,0,0,"2,413",94,0,0,0,0,"1,928",0,0,0,0,0,
5057,MB,DO,0,0,"301,682","11,770",0,0,0,0,"239,089",0,0,0,0,0,
5058,DR,DO,0,0,"49,329",329,0,0,0,0,0,0,0,0,0,0,
5058,MB,DO,0,0,"290,190",0,0,0,0,0,0,0,0,0,0,0,
5059,DR,DO,0,0,0,355,0,0,0,"26,116",0,0,0,0,0,"13,792",
5059,MB,DO,0,0,0,"2,501",0,0,0,"109,999","220,455",0,0,0,0,"59,153",
5060,DR,DO,0,0,0,"33,328",0,0,0,0,0,0,0,0,0,0,
5060,MB,DO,0,0,"727,322",0,0,0,0,0,0,0,0,0,0,0,
5061,DR,DO,0,0,"2,881","15,530",0,0,0,0,0,0,0,0,0,0,
5061,MB,DO,0,0,"198,577",0,0,0,0,0,0,0,0,0,0,0,
5066,HR,DO,"397,679,849",0,0,0,0,0,0,0,0,0,0,0,0,0,
5066,MB,DO,0,0,"24,722,000",0,0,0,0,0,0,0,0,0,0,0,
5088,MB,DO,0,0,"133,781",0,0,0,0,0,0,0,0,0,0,0,
5091,MB,DO,0,0,"144,450",0,0,0,0,0,0,0,0,0,0,0,
5096,DR,DO,0,0,"20,283",0,0,0,0,0,0,0,0,0,0,0,
5096,MB,DO,0,0,"191,950",0,0,0,0,0,0,0,0,0,0,0,
5099,MB,DO,0,0,"128,130",0,0,0,0,0,0,0,0,0,0,0,
5103,DR,DO,0,0,0,"10,944",0,0,0,0,0,0,0,0,0,0,
5104,CR,DO,"18,145,750",0,0,0,0,0,0,0,0,0,0,0,0,0,
5108,MB,DO,0,0,"98,439",0,0,0,0,0,0,0,0,0,0,0,
5109,MB,DO,0,0,"72,572",0,0,0,0,0,0,0,0,0,0,0,
5110,MB,DO,0,0,0,0,0,0,0,0,0,0,0,0,0,"258,194",
5113,DR,DO,0,0,"13,703",0,0,0,0,0,0,0,0,0,0,719,
5113,MB,DO,0,0,"5,181,169",0,0,0,0,0,0,0,0,0,0,"276,393",
5113,VP,DO,0,0,0,"785,414",0,0,0,0,0,0,0,0,0,0,
5117,DR,DO,0,0,"274,827",0,0,0,0,0,0,0,0,0,0,0,
5117,MB,DO,0,0,"123,533",0,0,0,0,0,"130,203",0,0,0,0,0,
5118,CR,DO,"98,918,616",0,"24,557,765",0,0,0,0,0,0,0,0,0,0,0,
5119,MB,DO,0,0,"4,615,783",0,0,0,0,0,0,0,0,0,0,0,
5131,DR,DO,0,0,0,"41,646",0,0,0,0,40,0,0,0,0,0,
5132,DR,DO,0,0,0,"64,109",0,0,0,0,0,0,0,0,0,0,
5132,MB,DO,0,0,0,"8,771",0,0,0,0,0,0,0,0,0,0,
5141,AG,DO,"4,705,877",0,0,0,0,0,0,0,0,0,0,0,0,0,
5145,DR,DO,0,0,"21,270",0,0,0,0,0,0,0,0,0,0,0,
5148,DR,DO,0,0,0,0,0,0,0,0,"143,008",0,0,0,0,0,
5148,MB,DO,0,0,"15,650",0,0,0,0,0,"68,820",0,0,0,0,0,
5157,DR,DO,0,0,"7,112","1,286",0,0,0,0,0,0,0,0,0,0,
5158,MB,DO,0,0,0,0,0,0,0,0,0,0,0,0,0,"262,562",
5166,DR,DO,0,0,"43,625",0,0,0,0,0,0,0,0,0,0,0,
5167,DR,DO,0,0,0,"15,610",0,0,0,0,0,0,0,0,0,0,
5168,DR,DO,0,0,"19,626","6,824",0,0,0,0,0,0,0,0,0,0,
5171,MB,DO,0,0,"28,894",0,0,0,0,0,0,0,0,0,0,0,
5174,MB,DO,0,0,0,0,0,0,0,0,0,0,0,0,0,"67,961",
6001,DR,DO,0,0,"31,266",0,0,0,0,0,0,0,0,0,0,0,
6001,MB,DO,0,0,"138,213",0,0,0,0,0,0,0,0,0,0,0,
6006,DR,DO,0,0,0,0,0,"167,323",0,0,"250,964",0,0,0,0,0,
6006,MB,DO,0,0,"580,342",0,0,"1,470,648",0,0,"1,649,183",0,0,0,0,0,
6007,DR,DO,0,0,0,0,0,0,0,0,"662,804",0,0,0,0,0,
6007,MB,DO,0,0,"11,886",0,0,0,0,0,"1,885,669",0,0,0,0,0,
6008,LR,DO,"7,583,200",0,0,0,0,0,0,0,0,0,0,0,0,0,
6008,MB,DO,0,0,"10,628,181",0,0,0,0,0,0,0,0,0,0,0,
6009,DR,DO,0,0,"41,812",0,0,0,0,0,0,0,0,0,0,0,
6009,MB,DO,0,0,"174,519",0,0,0,0,0,"692,830",0,0,0,0,0,
6010,DR,DO,0,0,"84,664",0,0,0,0,0,0,0,0,0,0,0,
6010,MB,DO,0,0,"422,646",0,0,0,0,0,0,0,0,0,0,0,
6011,DR,DO,0,0,0,"207,685","880,773",0,0,0,0,0,0,0,0,0,
6011,MB,DO,0,0,"5,124,151",0,"984,916",0,0,0,0,0,0,0,0,0,
6012,DR,DO,0,0,"32,685",0,0,0,0,0,0,0,0,0,0,0,
6012,MB,DO,0,0,"179,029",0,0,0,0,0,0,0,0,0,0,0,
6013,DR,DO,0,0,"7,054",0,"10,754",0,0,0,0,0,0,0,0,0,
6013,MB,DO,0,0,"11,364",0,"45,153",0,0,0,0,0,0,0,0,0,
6014,DR,DO,0,0,"34,785",0,0,0,0,0,0,0,0,0,0,0,
6014,MB,DO,0,0,"297,721",0,0,0,0,0,0,0,0,0,0,0,
6015,DR,DO,0,0,"3,217",0,0,0,0,0,0,0,0,0,"41,871",0,PROPANE
6015,LR,DO,0,0,"11,851",0,0,0,0,0,0,0,0,0,0,0,
6015,MB,DO,0,0,"132,830",0,0,0,0,0,0,0,0,0,0,0,PROPANE
6016,DR,DO,0,0,"30,270",0,"1,525",0,0,0,0,0,0,0,0,0,
6016,MB,DO,0,0,"202,175",0,0,0,0,0,0,0,0,0,0,0,
6017,DR,DO,0,0,"63,328",0,0,0,0,0,0,0,0,0,0,0,
6017,MB,DO,0,0,"631,854",0,0,0,0,0,"4,291",0,0,0,0,0,
6018,MB,DO,0,0,"623,929",0,0,0,0,0,0,0,0,0,0,0,
6019,DR,DO,0,0,"51,379","68,326",0,0,0,0,"43,339",0,0,0,0,0,
6019,MB,DO,0,0,"696,577",0,0,0,0,0,"974,993",0,0,0,0,0,
6020,FB,DO,0,0,"351,018",0,0,0,0,0,0,0,0,0,0,0,
6022,MB,DO,0,0,"1,147,012",0,0,0,0,0,"12,716",0,0,0,0,0,
6024,MB,DO,0,0,"580,630",0,0,0,0,0,0,0,0,0,0,0,
6025,DR,DO,0,0,"13,501",0,0,0,0,0,0,0,0,0,0,0,
6025,MB,DO,0,0,"118,456",0,0,0,0,0,0,0,0,0,0,0,
6026,DR,DO,0,0,"6,168",0,0,0,0,0,0,0,0,0,0,0,
6026,MB,DO,0,0,"116,069",0,0,0,0,0,0,0,0,0,0,0,
6032,DR,DO,0,0,"30,428","35,100",0,0,0,0,0,0,0,0,0,0,
6032,LR,DO,"261,240",0,0,0,0,0,0,0,0,0,0,0,0,0,
6032,MB,DO,0,0,"1,328,481",0,0,0,0,0,0,0,0,0,0,0,
6033,DR,DO,0,0,"66,863",0,0,0,0,0,0,0,0,0,0,0,
6033,LR,DO,"311,780",0,0,0,0,0,0,0,0,0,0,0,0,0,
6033,MB,DO,0,0,"593,678",0,0,0,0,0,0,0,0,0,0,0,
6037,DR,DO,0,0,"25,440",0,"6,117",0,0,0,0,0,0,0,0,0,
6037,MB,DO,0,0,"42,211",0,0,0,0,0,0,0,0,0,0,0,
6038,MB,DO,0,0,"198,648",0,0,0,0,0,0,0,0,0,0,0,
6040,DR,DO,0,0,"77,308","1,679",0,0,0,0,0,0,0,0,0,0,
6040,MB,DO,0,0,"88,273",0,0,0,0,0,0,0,0,0,0,0,
6041,DR,DO,0,0,"49,757",0,0,0,0,0,"3,814",0,0,0,0,0,
6048,DR,DO,0,0,"278,933","138,834",0,0,0,0,0,0,0,0,0,0,
6048,MB,DO,0,0,"3,296,937",0,0,0,0,0,0,0,0,0,0,0,
6048,VP,DO,0,0,173,"126,251",0,0,0,0,0,0,0,0,0,0,
6049,DR,DO,0,0,"17,126",146,0,0,0,0,0,0,0,0,0,0,
6049,MB,DO,0,0,"116,377",0,0,0,0,0,0,0,0,0,0,0,
6051,MB,DO,0,0,"651,590",0,"11,646",0,0,0,0,0,0,0,0,0,
6051,VP,DO,0,0,0,"1,532",0,0,0,0,0,0,0,0,0,0,
6056,LR,DO,"59,085,417",0,0,0,0,0,0,0,0,0,0,0,0,0,
6056,MB,DO,0,0,"6,319,442",0,0,"5,542,730",0,0,0,0,0,0,0,0,
6056,VP,DO,0,0,0,"157,767",0,0,0,0,0,0,0,0,0,0,
6059,DR,DO,0,0,"13,071","16,799",0,0,0,0,0,0,0,0,0,0,
6059,MB,DO,0,0,0,"75,317",0,"1,770",0,0,0,0,0,0,0,0,
6062,DR,DO,0,0,"4,831","2,985",0,0,0,0,0,0,0,0,0,0,
6062,MB,DO,0,0,"98,121",0,0,0,0,0,0,0,0,0,0,0,
6068,DR,DO,0,0,"12,754","1,290","8,564",0,0,0,0,0,0,0,0,0,
6070,DR,DO,0,0,0,"23,851","19,094",0,0,0,0,0,0,0,0,0,
6072,DR,DO,0,0,"15,649","10,815",0,0,0,0,0,0,0,0,0,0,
6072,MB,DO,0,0,"23,197","12,257",0,0,0,0,0,0,0,0,0,0,
6077,MB,DO,0,0,0,0,0,0,0,0,"191,558",0,0,0,0,0,
6082,DR,DO,0,0,"68,749","18,672","12,153",0,0,0,0,0,0,0,0,0,
6084,VP,DO,0,0,0,"206,331",0,0,0,0,0,0,0,0,0,0,
6086,DR,DO,0,0,"19,753","9,337",0,0,0,0,0,0,0,0,0,0,
6086,MB,DO,0,0,"30,895","14,605",0,0,0,0,0,0,0,0,0,0,
6090,DR,DO,0,0,"16,902","4,757","3,963",0,0,0,0,0,0,0,0,0,
6090,MB,DO,0,0,"20,617",0,"3,963",0,0,0,0,0,0,0,0,0,
6091,DR,DO,0,0,"61,987","7,432","7,021",0,0,0,0,0,0,0,0,0,
6091,MB,DO,0,0,"86,655",0,0,0,0,0,0,0,0,0,0,0,
6092,DR,DO,0,0,"811,188","228,313",0,0,0,0,0,0,0,0,0,0,
6094,DR,DO,0,0,"4,641",715,0,0,0,0,0,0,0,0,0,0,
6094,MB,DO,0,0,"84,798",0,0,0,0,0,0,0,0,0,0,0,
6095,DR,DO,0,0,0,"16,953","1,277",0,0,0,0,0,0,0,0,0,
6095,MB,DO,0,0,0,"40,398",0,0,0,0,0,0,0,0,0,0,
6096,DR,DO,0,0,"33,918",0,0,0,0,0,0,0,0,0,0,0,
6096,MB,DO,0,0,"57,760",0,0,0,0,0,"25,512",0,0,0,0,0,
6097,DR,DO,0,0,"9,980",0,0,0,0,0,0,0,0,0,0,0,
6097,MB,DO,0,0,"95,263",0,0,0,0,0,0,0,0,0,0,0,
7001,DR,DO,0,0,"25,708",0,0,0,0,0,0,0,0,0,0,0,
7001,MB,DO,0,0,"31,655",0,0,0,0,0,0,0,0,0,0,"320,547",
7002,DR,DO,0,0,"43,593","89,592",0,0,0,0,0,0,0,0,0,0,
7002,MB,DO,0,0,"828,259","9,955",0,0,0,0,0,0,0,0,0,0,
7003,DR,DO,0,0,0,0,0,0,0,0,0,0,0,0,0,"20,394",
7003,MB,DO,0,0,0,0,0,0,0,0,0,0,0,0,0,"251,409",
7005,DR,DO,0,0,"175,109",0,0,0,0,0,0,0,0,0,0,0,
7005,MB,DO,0,0,"2,256,965",0,0,0,0,0,0,0,0,0,0,"69,818",
7005,VP,DO,0,0,0,"37,177",0,0,0,0,0,0,0,0,0,0,
7006,DR,DO,0,0,"809,099",0,0,0,0,0,0,0,0,0,0,0,
7006,LR,DO,"30,266,957",0,0,0,0,0,0,0,0,0,0,0,0,0,
7006,MB,DO,0,0,"4,488,169",0,0,0,0,0,"286,676",0,0,0,0,0,
7007,MB,DO,0,0,"37,760",0,0,0,0,0,0,0,0,0,0,0,
7008,MB,DO,0,0,"243,552",0,0,0,0,"23,563",0,0,0,0,0,"30,721",
7009,MB,DO,0,0,"185,871",0,0,0,0,0,0,0,0,0,0,0,
7010,DR,DO,0,0,"159,394","2,702",0,0,0,0,0,0,0,0,0,0,
7010,MB,DO,0,0,"585,489",0,0,0,0,0,0,0,0,0,0,0,
7010,VP,DO,0,0,0,"102,610",0,0,0,0,0,0,0,0,0,0,
7011,DR,DO,0,0,"27,063","11,215",0,0,0,0,0,0,0,0,0,0,
7011,MB,DO,0,0,"69,237",0,0,0,0,0,0,0,0,0,0,0,
7012,MB,DO,0,0,"56,187",0,0,0,0,0,0,0,0,0,0,"65,959",
7013,DR,DO,0,0,"48,836",0,0,0,0,0,0,0,0,0,0,0,
7013,MB,DO,0,0,"85,606",0,0,0,0,0,0,0,0,0,0,0,
7014,DR,DO,0,0,0,"54,400",0,0,0,0,0,0,0,0,0,0,
7014,MB,DO,0,0,"215,216","4,094",0,0,0,0,0,0,0,0,0,0,
7015,DR,DO,0,0,0,"106,647",0,0,0,0,0,0,0,0,0,0,
7015,MB,DO,0,0,"418,727",0,0,0,0,0,0,0,0,0,0,0,
7016,DR,DO,0,0,0,"7,772",0,0,0,0,0,0,0,0,0,"14,740",
7016,MB,DO,0,0,0,"1,543",0,0,0,0,0,0,0,0,0,"113,269",
7018,MB,DO,0,0,0,0,0,0,0,0,0,0,0,0,0,"152,742",
7019,DR,DO,0,0,"12,143",0,0,0,0,0,0,0,0,0,0,525,
7019,MB,DO,0,0,"190,243",0,0,0,0,0,0,0,0,0,0,"8,233",
7030,MB,DO,0,0,"52,924",0,0,0,0,0,0,0,0,0,0,0,
7032,MB,DO,0,0,"151,436",0,0,0,0,0,0,0,0,0,0,0,
7041,MB,DO,0,0,"144,675",0,0,0,0,0,0,0,0,0,0,"134,082",
7043,DR,DO,0,0,"9,498","21,105",0,0,0,0,0,0,0,0,0,0,
7043,MB,DO,0,0,"77,564",0,0,0,0,0,0,0,0,0,0,0,
8001,DR,DO,0,0,"504,039","16,101",0,0,0,0,0,0,0,0,0,0,
8001,LR,DO,"18,839,400",0,0,0,0,0,0,0,0,0,0,0,0,0,
8001,MB,DO,0,0,"4,638,539",0,0,0,0,0,"48,683",0,0,0,0,0,
8001,VP,DO,0,0,0,"362,967",0,0,0,0,"2,432",0,0,0,0,0,
8004,DR,DO,0,0,0,"34,110",0,0,0,0,0,0,0,0,0,0,
8004,MB,DO,0,0,"143,224",0,0,0,0,0,0,0,0,0,0,0,
8006,DR,DO,0,0,"18,205",0,0,0,0,0,0,0,0,0,0,0,
8006,LR,DO,"25,167,438",0,0,0,0,0,0,0,0,0,0,0,0,0,
8006,MB,DO,0,0,"6,240,779",0,0,0,0,0,"155,265",0,0,0,0,"36,092",
8007,MB,DO,0,0,"134,800",0,0,0,0,0,0,0,0,0,0,0,
8008,MB,DO,0,0,"40,375","14,664",0,0,0,0,0,0,0,0,0,0,
8009,DR,DO,0,0,"16,058",0,0,0,0,0,0,0,0,0,0,0,
8009,MB,DO,0,0,"109,375",0,0,0,0,0,0,0,0,0,0,0,
8010,DR,DO,0,0,"23,189",0,0,0,0,0,0,0,0,0,0,0,
8010,MB,DO,0,0,"68,737",0,0,0,0,0,0,0,0,0,0,0,
8011,DR,DO,0,0,0,"29,777",0,0,0,0,"3,995",0,0,0,0,0,
8011,MB,DO,0,0,0,0,0,0,0,0,"9,171",0,0,0,0,"160,266",
8012,DR,DO,0,0,0,"10,081",0,0,0,0,0,0,0,0,0,0,
8012,MB,DO,0,0,"119,413",0,0,0,0,0,0,0,0,0,0,0,
8014,DR,DO,0,0,"27,983",0,0,0,0,0,0,0,0,0,0,0,
8014,MB,DO,0,0,"25,473",0,0,0,0,0,0,0,0,0,0,0,
8020,DR,DO,0,0,0,"17,261",0,0,0,0,0,0,0,0,0,0,
8020,MB,DO,0,0,"19,106","35,045",0,0,0,0,68,0,0,0,0,0,
8025,DR,DO,0,0,"3,961","5,083",0,0,0,0,0,0,0,0,0,0,
8025,MB,DO,0,0,"16,371",0,0,0,0,0,0,0,0,0,0,0,
9001,MB,DO,0,0,"952,686",0,0,0,0,0,0,0,0,0,0,0,
9003,HR,DO,"290,690,069",0,0,0,0,0,0,0,0,0,0,0,0,0,
9004,DR,DO,0,0,0,0,0,0,0,0,"96,391",0,0,0,0,0,
9004,MB,DO,0,0,"196,862",0,0,0,0,0,"1,238,662",0,0,0,0,0,
9006,DR,DO,0,0,0,"68,909",0,0,0,0,0,0,0,0,0,0,
9006,MB,DO,0,0,"658,509","1,473",0,0,0,0,"79,457",0,0,0,0,0,
9008,MB,DO,0,0,"759,454",0,0,"1,937,851",0,0,0,0,0,0,0,0,
9009,MB,DO,0,0,"1,875,208",0,0,0,0,0,0,0,0,0,0,0,
9010,MB,DO,0,0,"558,307",0,0,0,0,0,0,0,0,0,0,0,
9012,DR,DO,0,0,"58,893","6,417",0,0,0,0,"6,777",0,0,0,0,0,
9012,MB,DO,0,0,"899,085",0,0,0,0,0,"4,675",0,0,0,0,0,
9013,LR,DO,"25,030,437",0,0,0,0,0,0,0,0,0,0,0,0,0,
9013,MB,DO,0,0,"4,645,021",0,0,0,0,0,0,0,0,0,"9,507",0,Hydrogen Fuel for powering Zero Emission Bus (ZEB)
9014,MB,DO,0,0,"6,171,053","162,293",0,0,0,0,0,0,0,0,"3,460",0,Hydrogen Fuel
9015,CC,DO,"3,780,320",0,0,0,0,0,0,0,0,0,0,0,0,0,
9015,LR,DO,"49,247,493",0,0,0,0,0,0,0,0,0,0,0,0,0,
9015,MB,DO,0,0,"5,739,476",0,0,0,0,0,0,0,0,0,0,0,
9015,TB,DO,"32,988,400",0,0,0,0,0,0,0,0,0,0,0,0,0,
9016,FB,DO,0,0,"1,538,939",0,0,0,0,0,0,0,0,0,0,0,
9016,MB,DO,0,0,"1,557,456",0,0,0,0,0,0,0,0,0,0,0,
9017,MB,DO,0,0,"270,640",0,0,0,0,0,188,0,0,0,0,0,
9019,LR,DO,"36,458,600",0,0,0,0,0,0,0,0,0,0,0,0,0,
9019,MB,DO,0,0,"41,571","27,597",0,0,0,0,"2,777,950",0,0,0,0,0,
9020,MB,DO,0,"371,049","544,973",0,0,0,0,0,0,0,0,0,0,0,
9022,DR,DO,0,0,"12,667","47,043",0,0,0,0,0,0,0,0,0,0,
9022,MB,DO,0,0,"342,632","6,862",0,0,0,0,0,0,0,0,0,0,
9023,MB,DO,0,0,"1,812,713","574,155",0,0,0,0,0,0,0,0,0,0,
9026,MB,DO,0,0,"875,461",0,0,0,0,0,"4,144,620",0,0,0,0,0,
9027,MB,DO,0,0,"1,051,724","39,240",0,0,0,0,"485,339",0,0,0,0,0,
9029,MB,DO,0,0,"177,982","22,040",0,0,0,0,"2,922,702",0,0,0,0,0,
9030,MB,DO,0,0,"980,849",0,0,0,0,0,"1,004,323",0,0,0,0,0,
9031,MB,DO,0,0,0,0,0,0,0,0,"1,703,979",0,0,0,0,0,
9033,DR,DO,0,0,"424,872","3,162",0,0,0,0,0,0,0,0,0,"3,041",
9033,MB,DO,0,0,"721,121",0,0,0,0,0,"1,566,709",0,0,0,0,"393,045",
9034,DR,DO,0,0,0,"25,282","17,081",0,0,0,0,0,0,0,0,"27,443",
9034,MB,DO,0,0,0,"4,121","7,440",0,0,0,0,0,0,0,0,"26,414",
9035,MB,DO,0,0,"9,026",0,0,0,0,0,"736,224",0,0,0,0,0,
9036,MB,DO,0,0,"3,591,799","12,322",0,"6,486,963",0,0,0,0,0,0,0,0,
9039,MB,DO,0,0,0,0,0,0,0,0,"585,871",0,0,0,0,0,
9041,DR,DO,0,0,"3,232","4,824",0,0,0,0,0,0,0,0,0,0,
9041,MB,DO,0,0,"810,133","45,808",0,0,0,0,0,0,0,0,0,0,
9042,MB,DO,0,0,"407,908","51,253",0,0,0,0,0,0,0,0,0,0,
9043,DR,DO,0,0,0,"1,250",0,0,0,0,"9,038",0,0,0,0,0,
9043,MB,DO,0,0,"72,631",0,0,0,0,0,0,0,0,0,0,0,
9050,DR,DO,0,0,0,314,0,0,0,0,"82,860",0,0,0,0,0,
9050,MB,DO,0,0,"1,027",0,0,0,0,0,"118,793",0,0,0,0,0,
9054,LR,DO,"42,469,223",0,0,0,0,0,0,0,0,0,0,0,0,0,
9062,MB,DO,0,0,"584,537",0,0,0,0,0,"96,260",0,0,0,0,0,
9078,MB,DO,0,0,"871,039",0,0,0,0,0,0,0,0,0,0,0,
9079,DR,DO,0,0,0,0,0,0,0,0,"97,576",0,0,0,0,0,"4,062 GGE Hydrogen and 425 GGE HCNG"
9079,MB,DO,0,0,0,0,0,0,0,0,"702,009",0,0,0,"4,487",0,"4,062 GGE Hydrogen and 425 GGE HCNG"
9086,DR,DO,0,0,0,0,"71,102",0,0,0,"66,869",0,0,0,0,0,
9119,MB,DO,0,0,0,"12,064","49,503",0,0,0,0,0,0,0,0,0,
9132,DR,DO,0,0,"36,903","64,353",0,0,0,0,0,0,0,0,0,0,
9135,DR,DO,0,0,0,572,0,0,0,0,"25,792",0,0,0,0,0,
9137,DR,DO,0,0,0,"13,037",0,0,0,0,0,0,0,0,0,0,
9140,DR,DO,0,0,0,"26,239",0,0,0,0,0,0,0,0,0,0,
9142,MB,DO,0,0,"26,055",0,0,0,0,0,"232,474",0,0,0,0,0,
9154,HR,DO,"82,990,200",0,0,0,0,0,0,0,0,0,0,0,0,0,
9154,LR,DO,"84,304,688",0,0,0,0,0,0,0,0,0,0,0,0,0,
9154,MB,DO,0,0,"3,909,787",0,0,0,0,0,"35,909,004",0,0,0,0,0,
9169,VP,DO,0,0,0,"331,277",0,0,0,0,0,0,0,0,0,0,
9176,VP,DO,0,0,0,"134,595",0,0,0,0,0,0,0,0,0,0,
9180,DR,DO,0,0,0,"19,413",0,0,0,0,0,0,0,0,0,0,
9180,MB,DO,0,0,"100,461",240,0,0,0,0,0,0,0,0,0,0,
9196,MB,DO,0,0,"36,510",183,0,0,0,0,"166,884",0,0,0,0,0,
